{"equityChanges":{"in":[[-100.2537773443928,21.55759503690024,-111.82901235158351,-97.96438110102827,488.02081245119916,20.571350412852553,-102.06556239460042,-101.09481485039942,-100.13145502125008,18.782393740859334,-104.95027597055923,18.619639598664435,422.53065412880096,19.494809209199957,19.52151948179926,21.210839090963418,-115.39935242870342],[224.07384747039941,20.636864267669807,-102.39480614425884,-101.42198253599963,-100.13145502125008,18.842982107766147,-105.27824558296743,18.679317930711477,423.8428611292002,19.543183425599636,19.568333677199917,21.258719088911675,-115.6592608801202,22.53508786236671,22.325502841878915,19.524601065890238,-103.03832668674295,19.3250906584708],[-100.51891085964962,18.78714637875055,18.806411959829347,-99.35651890911504,20.20535913405547,-109.94127494896748,21.44066858428232,21.237717320580487,18.57095731202935,-97.93741942502311,18.41398216588823,22.12766627094061,21.010469233058757,19.6025962380063,-97.81684333958401],[18.95176535648352,24.231266725008027,-100.30371223804832,21.601076973785894,-103.60833581794213,21.898697562495727]],"out":[[-99.89530720100083,18.771724418105805,-98.95760087736744,18.605794480115946],[-99.88575516236779,-98.99260953489102,18.574692544920254,21.556666546799534,19.769190540311683,-98.36948087257588],[-99.78008028578006,-112.53534150220548,21.399581948535342,-102.24559681897153],[128.00635904679984,-101.12840206509645,19.007996381256817,19.035634527215734]]},"startingEquity":10000.0}